undefined0,-0.009064
1,-0.025574
2,-0.030975
3,-0.033295
4,-0.032440
5,-0.018372
6,-0.017883
7,0.001190
8,-0.015625
9,0.010803
10,0.006622
11,0.011047
12,0.015137
13,0.012329
14,0.015442
15,0.016113
16,0.022919
17,0.036591
18,0.037109
19,0.029816
20,0.022675
21,0.021027
22,0.008820
23,0.016327
24,0.018433
25,0.003357
26,0.001587
27,-0.011108
28,-0.021545
29,-0.022583
30,-0.003693
31,-0.011566
32,-0.013489
33,-0.006592
34,0.016144
35,0.014526
36,0.017670
37,0.018494
38,0.028412
39,0.012421
40,0.010345
41,0.011230
42,0.011902
43,0.006134
44,0.023010
45,0.004181
46,0.021301
47,0.016266
48,0.016785
49,0.023529
50,0.024658
51,0.025940
52,0.020172
53,0.007416
54,0.018280
55,0.006622
56,0.022766
57,-0.003571
58,0.012817
59,0.009399
60,0.000671
61,0.004700
62,0.003265
63,0.005310
64,0.004486
65,0.018463
66,0.000000
67,0.021881
68,0.018097
69,-0.000946
70,-0.005066
71,0.000916
72,-0.022858
73,-0.011414
74,-0.017487
75,-0.025360
76,-0.020599
77,-0.027679
78,-0.009430
79,-0.011414
80,0.003510
81,0.004364
82,0.009430
83,0.022247
84,0.028534
85,0.016724
86,0.026184
87,0.006195
88,0.018341
89,0.009796
90,0.000824
91,0.000183
92,-0.013336
93,-0.003296
94,-0.000244
95,-0.001831
96,0.006104
97,-0.002930
98,0.003998
99,-0.009583
100,-0.012177
101,-0.012115
102,-0.018677
103,-0.031708
104,-0.032593
105,-0.047089
106,-0.047241
107,-0.027222
108,-0.030792
109,-0.031158
110,-0.027893
111,-0.019989
112,-0.020142
113,-0.024811
114,-0.010681
115,-0.009430
116,-0.016357
117,-0.012573
118,-0.005981
119,-0.016113
120,-0.005859
121,-0.010376
122,0.002502
123,-0.003693
124,-0.001373
125,-0.000153
126,0.023590
127,0.033051
128,0.015900
129,-0.019135
130,0.001434
131,0.002777
132,0.009399
133,0.009430
134,-0.001160
135,0.001709
136,-0.006348
137,-0.004211
138,-0.005005
139,0.011414
140,-0.003998
141,0.017151
142,0.024261
143,0.015228
144,0.022919
145,0.030029
146,0.024048
147,0.021454
148,0.012634
149,0.016449
150,0.009338
151,0.005554
152,-0.003967
153,-0.006897
154,-0.012512
155,-0.015228
156,-0.021210
157,-0.022675
158,-0.019196
159,-0.004272
160,-0.026855
161,-0.022278
162,-0.025879
163,-0.023376
164,-0.015411
165,-0.025848
166,-0.016846
167,-0.006805
168,-0.021088
169,0.003113
170,-0.004852
171,0.006287
172,0.016083
173,0.017365
174,-0.006775
175,0.027008
176,0.002075
177,0.009857
178,0.007782
179,0.007050
180,0.018982
181,0.006226
182,0.020020
183,0.034027
184,0.040985
185,0.045044
186,0.044312
187,0.047913
188,0.041260
189,0.041748
190,0.044434
191,0.030609
192,0.022339
193,0.007690
194,0.001862
195,-0.008698
196,-0.020264
197,-0.016785
198,-0.048004
199,-0.045837
200,-0.051758
201,-0.055206
202,-0.062927
203,-0.044739
204,-0.046539
205,-0.031830
206,-0.019897
207,-0.022888
208,-0.017517
209,-0.019531
210,-0.021454
211,-0.015594
212,-0.022705
213,-0.017212
214,-0.005432
215,-0.004364
216,-0.000885
217,-0.004547
218,0.000580
219,0.009583
220,-0.000885
221,-0.008698
222,0.003265
223,-0.000610
224,0.003632
225,0.006836
226,-0.000549
227,-0.000183
228,0.006287
229,0.014099
230,0.011993
231,0.008331
232,0.018219
233,0.003845
234,0.013763
235,0.011444
236,0.011780
237,0.016296
238,0.012085
239,0.009857
240,0.000153
241,-0.000793
242,-0.004272
243,0.003754
244,-0.000366
245,-0.007690
246,-0.011749
247,-0.002991
248,-0.027008
249,-0.001404
250,-0.000641
251,0.002411
252,0.000610
253,0.008209
254,-0.004456
255,-0.003906
256,-0.018280
257,-0.029266
258,-0.014252
259,-0.008453
260,0.004089
261,0.000946
262,0.015350
263,0.006073
264,0.011536
265,0.000793
266,-0.003510
267,-0.002899
268,-0.008606
269,-0.020020
270,-0.010895
271,-0.009186
272,-0.007935
273,-0.019806
274,-0.023712
275,-0.019958
276,-0.011932
277,-0.021027
278,-0.025757
279,-0.018463
280,-0.013885
281,-0.021729
282,-0.023651
283,-0.024475
284,0.004456
285,-0.000275
286,0.005646
287,0.020386
288,-0.000061
289,0.002441
290,0.014862
291,-0.002777
292,-0.024353
293,-0.017700
294,-0.035370
295,-0.021454
296,-0.035065
297,-0.033295
298,-0.030090
299,-0.019562
300,-0.030121
301,-0.021790
302,-0.007996
303,-0.005371
304,0.000458
305,0.004608
306,0.004242
307,0.009125
308,0.006805
309,0.017578
310,-0.003052
311,0.003784
312,0.003754
313,0.030273
314,0.032410
315,0.046082
316,0.047516
317,0.038269
318,0.053345
319,0.057770
320,0.055969
321,0.059540
322,0.035919
323,0.037933
324,0.031525
325,0.019684
326,0.018921
327,0.018585
328,0.006622
329,0.000763
330,-0.013184
331,-0.020294
332,-0.031433
333,-0.017456
334,-0.000610
335,-0.007599
336,-0.007416
337,-0.003571
338,-0.147217
339,-0.057281
340,-0.077362
341,-0.005188
342,0.005829
343,0.043488
344,0.040680
345,0.069580
346,0.043762
347,0.061859
348,0.031189
349,0.017273
350,0.034729
351,0.026611
352,0.020264
353,0.022308
354,0.009003
355,0.003235
356,-0.003906
357,0.001343
358,0.015472
359,-0.004761
360,0.008057
361,0.002899
362,0.014313
363,0.011536
364,0.028503
365,0.008881
366,0.021454
367,0.002441
368,0.019135
369,0.020935
370,0.028687
371,0.014282
372,0.016602
373,-0.000549
374,-0.002533
375,0.002136
376,-0.007782
377,-0.000122
378,-0.000702
379,0.006317
380,0.015472
381,-0.013458
382,-0.042175
383,-0.053833
384,-0.038727
385,-0.049255
386,-0.051056
387,-0.047394
388,-0.032166
389,-0.011963
390,-0.018280
391,-0.007416
392,-0.011963
393,0.017700
394,0.021942
395,0.015930
396,0.025330
397,0.028534
398,0.032074
399,-0.004974
400,-0.003601
401,0.009552
402,0.003845
403,0.002930
404,-0.011505
405,-0.009308
406,-0.004547
407,0.009186
408,-0.014221
409,-0.000427
410,0.009247
411,-0.002106
412,0.009094
413,0.011169
414,0.001587
415,0.010071
416,0.009766
417,0.012665
418,0.018921
419,0.024414
420,0.016876
421,0.009552
422,0.017670
423,0.015839
424,0.003082
425,0.010254
426,0.004852
427,0.006439
428,0.010345
429,0.005707
430,0.019562
431,0.014069
432,-0.002380
433,0.005219
434,-0.012360
435,-0.012787
436,-0.034027
437,-0.035522
438,-0.037689
439,-0.036743
440,-0.032196
441,-0.021576
442,-0.024719
443,-0.029816
444,-0.025055
445,-0.008362
446,-0.008667
447,0.010162
448,0.008514
449,0.002502
450,0.001526
451,0.010895
452,0.005981
453,0.003601
454,0.002411
455,-0.001678
456,-0.009460
457,-0.005798
458,-0.011871
459,-0.011261
460,-0.007782
461,-0.006744
462,-0.002472
463,0.007843
464,0.026703
465,0.022034
466,0.016205
467,0.005768
468,0.010223
469,0.019531
470,0.025604
471,0.024445
472,0.027374
473,0.024567
474,0.020813
475,0.026917
476,0.016632
477,0.006531
478,0.010895
479,0.001648
480,-0.002228
481,-0.004181
482,-0.015472
483,-0.021088
484,-0.025604
485,-0.024170
486,-0.010345
487,-0.025604
488,-0.025452
489,-0.027344
490,-0.005157
491,-0.015259
492,-0.014587
493,-0.002106
494,-0.001190
495,0.015991
496,0.010132
497,0.015167
498,0.015289
499,0.017517
500,0.017548
501,-0.021240
502,-0.065643
503,-0.056549
504,-0.054474
505,-0.051392
506,-0.004364
507,0.032471
508,0.022095
509,0.049683
510,0.059235
511,0.069092
512,0.075806
513,0.092041
514,0.032227
515,0.016083
516,0.065063
517,-0.035858
518,-0.114502
519,0.020233
520,-0.057404
521,-0.106537
522,-0.113983
523,-0.102264
524,-0.063721
525,-0.019989
526,-0.014343
527,0.008392
528,0.010895
529,0.016815
530,0.043427
531,0.040070
532,0.040619
533,0.058441
534,0.057098
535,0.044769
536,0.065063
537,0.055084
538,0.060577
539,0.010071
540,-0.006958
541,0.021393
542,0.026855
543,0.027435
544,0.025604
545,0.031189
546,0.040588
547,0.030487
548,0.026459
549,0.017517
550,0.008728
551,0.004913
552,0.006378
553,-0.004517
554,-0.010468
555,-0.020386
556,-0.033173
557,-0.039795
558,-0.015533
559,-0.013306
560,-0.014893
561,-0.025574
562,-0.042908
563,-0.018951
564,-0.033356
565,-0.019897
566,-0.035034
567,-0.021149
568,-0.027252
569,-0.018799
570,-0.017242
571,-0.020050
572,-0.027191
573,-0.025146
574,-0.016693
575,-0.014648
576,-0.014160
577,-0.024170
578,-0.011169
579,-0.005280
580,0.026611
581,0.027557
582,0.028351
583,0.052460
584,0.043610
585,0.051605
586,0.040741
587,0.040222
588,0.033234
589,0.023407
590,0.024750
591,0.017334
592,0.010712
593,0.009369
594,0.025208
595,-0.003876
596,0.010620
597,0.000824
598,0.014648
599,-0.012543
600,-0.016479
601,-0.024048
602,-0.014435
603,-0.041138
604,-0.029022
605,-0.039673
606,-0.042480
607,-0.028931
608,-0.032684
609,-0.017975
610,-0.017426
611,-0.001343
612,-0.023529
613,-0.007813
614,-0.012360
615,-0.007294
616,-0.002472
617,-0.022308
618,-0.022461
619,-0.019348
620,-0.019043
621,-0.027557
622,-0.022858
623,-0.013794
624,-0.012848
625,-0.018768
626,-0.007660
627,-0.017151
628,-0.007538
629,-0.001617
630,-0.009308
631,-0.010071
632,-0.015625
633,0.002319
634,-0.010345
635,0.011108
636,0.000854
637,0.011841
638,-0.004395
639,0.013184
640,0.017334
641,0.016479
642,0.017120
643,0.014435
644,0.017303
645,0.028748
646,0.024872
647,0.024109
648,0.017944
649,0.009338
650,0.007843
651,0.000763
652,0.002869
653,-0.003998
654,-0.005829
655,-0.003296
656,-0.012787
657,-0.004059
658,-0.001129
659,-0.004303
660,-0.001495
661,-0.006134
662,-0.002716
663,0.006775
664,0.002808
665,0.006927
666,0.001709
667,0.001038
668,-0.000641
669,0.005341
670,0.004944
671,-0.001740
672,0.000793
673,0.000977
674,-0.007080
675,-0.047546
676,-0.048218
677,-0.044861
678,-0.018707
679,-0.023010
680,-0.026764
681,-0.036255
682,-0.058167
683,-0.035248
684,-0.032104
685,-0.027832
686,-0.019379
687,-0.003235
688,-0.004395
689,-0.028870
690,-0.027954
691,0.002747
692,-0.023193
693,-0.006134
694,-0.002045
695,-0.000702
696,-0.008423
697,0.008209
698,0.018951
699,0.044586
700,0.024719
701,0.023041
702,0.017792
703,0.012054
704,0.022858
705,-0.007690
706,-0.024200
707,-0.024384
708,-0.007904
709,0.013702
710,0.015015
711,0.045441
712,0.046875
713,0.044128
714,0.073395
715,0.070313
716,0.076660
717,0.055695
718,0.072906
719,0.075043
720,0.052185
721,0.050201
722,0.029297
723,0.047729
724,0.031708
725,0.018036
726,-0.002380
727,0.001343
728,0.004120
729,0.003052
730,0.002502
731,-0.015198
732,-0.000061
733,-0.016479
734,0.003265
735,-0.013245
736,-0.015808
737,-0.015686
738,-0.019531
739,-0.015045
740,-0.029694
741,-0.014099
742,-0.015320
743,-0.014709
744,-0.019653
745,-0.004333
746,-0.014740
747,-0.004669
748,-0.011719
749,-0.007141
750,-0.010986
751,-0.004303
752,-0.030518
753,-0.039825
754,-0.033264
755,-0.013916
756,-0.011200
757,-0.025146
758,-0.036346
759,-0.024994
760,-0.005157
761,0.001251
762,0.001953
763,-0.011017
764,-0.016571
765,-0.005310
766,-0.008545
767,-0.017639
768,-0.024170
769,-0.014923
770,-0.018341
771,-0.004272
772,-0.001831
773,0.008423
774,0.008972
775,0.003723
776,0.022552
777,0.024323
778,0.029297
779,0.036682
780,0.022339
781,0.019043
782,0.090454
783,0.069794
784,0.063721
785,0.056458
786,0.046722
787,0.023865
788,-0.003113
789,-0.039948
790,-0.042450
791,-0.048798
792,-0.027527
793,-0.024780
794,-0.015106
795,-0.026276
796,-0.021698
797,-0.025085
798,-0.043121
799,-0.031738
800,-0.034027
801,-0.020264
802,-0.015594
803,-0.010895
804,-0.009186
805,0.005890
806,0.005615
807,0.019928
808,0.015259
809,0.015320
810,0.024994
811,0.020813
812,0.008179
813,0.010284
814,0.008270
815,0.001251
816,-0.014008
817,-0.001862
818,-0.004486
819,0.007935
820,0.004639
821,0.005219
822,-0.004913
823,0.000061
824,0.003876
825,0.003174
826,0.005890
827,0.004578
828,-0.001709
829,0.003510
830,0.013885
831,0.018799
832,-0.004333
833,0.009705
834,-0.001282
835,0.000122
836,0.004517
837,0.006470
838,0.002808
839,0.009094
840,0.020447
841,0.021667
842,0.015198
843,0.010223
844,0.006317
845,0.020264
846,0.009674
847,0.006836
848,-0.008850
849,-0.007080
850,-0.018921
851,-0.031067
852,-0.029572
853,-0.012268
854,-0.017883
855,-0.003937
856,-0.000275
857,-0.007416
858,-0.014587
859,-0.004761
860,0.003021
861,-0.005676
862,-0.010223
863,-0.014709
864,-0.011780
865,-0.002197
866,-0.012299
867,0.006226
868,-0.001160
869,-0.006805
870,0.009888
871,0.012238
872,0.016998
873,0.010345
874,0.005341
875,-0.001434
876,0.005554
877,0.011627
878,0.009644
879,0.022278
880,0.017761
881,0.002594
882,0.000031
883,-0.009644
884,-0.016388
885,-0.021454
886,-0.029694
887,-0.005829
888,0.000610
889,0.008453
890,0.005280
891,0.026398
892,0.012177
893,0.022827
894,0.022491
895,0.019775
896,0.009338
897,0.018616
898,0.020782
899,0.018799
900,0.011993
901,0.016479
902,0.014221
903,0.010040
904,0.018250
905,0.000610
906,0.021820
907,0.012634
908,0.025269
909,-0.005768
910,-0.007690
911,-0.017914
912,-0.010437
913,0.015839
914,-0.003418
915,-0.001068
916,0.011536
917,0.010895
918,-0.008942
919,-0.010437
920,0.010559
921,0.014374
922,-0.007294
923,-0.003326
924,-0.009918
925,-0.024902
926,0.011902
927,0.016998
928,0.026550
929,0.000244
930,-0.012451
931,-0.040405
932,-0.009308
933,0.013275
934,0.015198
935,0.013794
936,-0.001038
937,-0.030060
938,0.002167
939,0.039917
940,0.054596
941,0.029510
942,0.021942
943,0.004944
944,-0.007782
945,-0.038452
946,0.018433
947,0.016663
948,-0.001740
949,-0.013977
950,-0.033966
951,-0.025696
952,-0.060181
953,-0.046265
954,-0.014587
955,-0.001709
956,-0.001282
957,0.001709
958,-0.021973
959,-0.027283
960,-0.010071
961,0.047607
962,0.039978
963,0.018494
964,0.020325
965,0.014771
966,0.007355
967,0.005127
968,-0.014709
969,0.023682
970,0.026978
971,0.021790
972,0.022797
973,0.021698
974,0.012787
975,0.005280
976,0.006866
977,-0.002838
978,0.006134
979,0.011627
980,0.013763
981,0.013092
982,0.018555
983,0.013092
984,0.010254
985,-0.004517
986,0.000000
987,0.013062
988,0.025848
989,0.005951
990,0.002136
991,0.015778
992,0.012207
993,0.011475
994,0.021606
995,0.020874
996,-0.005737
997,-0.019806
998,-0.029999
999,-0.056580
1000,-0.053955
1001,-0.051392
1002,-0.027405
1003,-0.039856
1004,-0.009552
1005,-0.023804
1006,-0.009155
1007,-0.023560
1008,-0.036591
1009,-0.027130
1010,-0.022705
1011,-0.002777
1012,-0.010590
1013,0.000244
1014,0.007965
1015,-0.008789
1016,-0.023773
1017,-0.004852
1018,0.004425
1019,-0.012573
1020,-0.000610
1021,-0.000732
1022,-0.007416
1023,-0.016541
1024,-0.001740
1025,-0.005707
1026,-0.009888
1027,-0.000793
1028,0.000336
1029,0.011047
1030,0.000061
1031,0.008057
1032,-0.008484
1033,-0.008118
1034,-0.000702
1035,0.016388
1036,0.015717
1037,-0.002106
1038,0.003967
1039,0.007599
1040,0.005737
1041,0.029907
1042,0.035583
1043,0.014648
1044,0.002777
1045,-0.016785
1046,-0.020203
1047,-0.031097
1048,-0.026550
1049,-0.006531
1050,-0.010498
1051,-0.007965
1052,-0.016449
1053,-0.013184
1054,-0.008453
1055,0.000061
1056,-0.015411
1057,-0.010315
1058,-0.022522
1059,-0.028412
1060,-0.016052
1061,-0.036652
1062,-0.024628
1063,-0.033844
1064,-0.024689
1065,-0.029541
1066,-0.024963
1067,-0.040192
1068,-0.032440
1069,-0.036377
1070,-0.037384
1071,-0.028870
1072,-0.010712
1073,0.001068
1074,0.003479
1075,-0.004822
1076,0.002411
1077,0.002869
1078,-0.001984
1079,0.007813
1080,0.000641
1081,0.006226
1082,0.009644
1083,0.001312
1084,0.012115
1085,-0.006287
1086,0.002777
1087,0.003357
1088,0.011108
1089,-0.003723
1090,0.016632
1091,0.011292
1092,0.010681
1093,0.009735
1094,0.011261
1095,0.015625
1096,0.010071
1097,0.017151
1098,0.013824
1099,0.026276
1100,0.020020
1101,0.017059
1102,-0.000336
1103,-0.014160
1104,0.000854
1105,-0.003967
1106,0.010223
1107,0.005798
1108,0.019073
1109,0.032410
1110,0.017365
1111,0.019012
1112,0.011932
1113,0.007996
1114,0.014038
1115,0.007294
1116,0.003845
1117,0.002686
1118,0.000458
1119,0.002228
1120,0.008087
1121,0.014587
1122,0.032166
1123,0.042511
1124,0.037567
1125,0.027740
1126,0.026337
1127,0.000366
1128,0.006287
1129,0.000671
1130,0.001068
1131,-0.009094
1132,-0.007874
1133,-0.031006
1134,-0.027618
1135,-0.033142
1136,-0.046906
1137,-0.044830
1138,-0.037689
1139,-0.017609
1140,-0.014008
1141,-0.050751
1142,-0.030579
1143,-0.028198
1144,-0.011932
1145,0.015076
1146,0.005859
1147,0.021454
1148,0.024445
1149,0.021606
1150,0.013519
1151,0.010651
1152,0.011749
1153,-0.001495
1154,0.008362
1155,0.006134
1156,0.004578
1157,0.003143
1158,0.004333
1159,0.004211
1160,-0.013275
1161,-0.021881
1162,-0.053864
1163,-0.033661
1164,-0.036957
1165,-0.047363
1166,-0.037872
1167,-0.023956
1168,-0.043182
1169,-0.007904
1170,-0.001373
1171,0.008362
1172,0.043640
1173,0.052246
1174,0.060425
1175,0.086578
1176,0.070648
1177,0.023926
1178,0.001831
1179,0.072083
1180,0.044098
1181,0.039154
1182,-0.015228
1183,0.004608
1184,0.030060
1185,0.001617
1186,-0.044220
1187,-0.079407
1188,-0.053162
1189,-0.023926
1190,0.010101
1191,0.087402
1192,0.219482
1193,0.270233
1194,0.191223
1195,0.024323
1196,0.024323
1197,0.125610
1198,0.151703
1199,0.214539
1200,0.277069
1201,0.210785
1202,0.189056
1203,0.016052
1204,-0.265411
1205,-0.313354
1206,-0.201782
1207,-0.094818
1208,0.027527
1209,-0.012177
1210,0.005707
1211,-0.057831
1212,-0.203979
1213,-0.245361
1214,-0.161774
1215,-0.026123
1216,-0.041809
1217,0.009003
1218,0.080261
1219,0.169006
1220,0.008942
1221,-0.098236
1222,0.552429
1223,0.628113
1224,0.408966
1225,-0.013916
1226,-0.092438
1227,-0.135437
1228,0.001251
1229,0.025787
1230,0.041382
1231,-0.009216
1232,-0.261658
1233,0.794739
1234,0.112061
1235,0.074158
1236,-0.186401
1237,-0.259796
1238,-0.051636
1239,-0.011993
1240,-0.335449
1241,0.023193
1242,-0.057678
1243,-0.332153
1244,-0.362122
1245,-0.215454
1246,-0.061737
1247,-0.113312
1248,-0.160065
1249,-0.220062
1250,-0.228821
1251,-0.490295
1252,-0.473480
1253,0.001587
1254,0.052734
1255,0.531708
1256,0.884460
1257,0.346649
1258,0.621552
1259,0.491028
1260,0.044342
1261,0.529480
1262,0.673798
1263,0.562134
1264,0.108063
1265,-0.212830
1266,0.303070
1267,0.581635
1268,0.608948
1269,-0.067535
1270,-0.165436
1271,0.389893
1272,0.609955
1273,0.544495
1274,0.608887
1275,0.862732
1276,-0.238556
1277,0.791290
1278,0.569519
1279,0.224091
1280,0.052277
1281,0.047363
1282,0.422485
1283,0.267853
1284,0.213959
1285,0.384521
1286,0.270813
1287,-0.231781
1288,0.277893
1289,-0.037476
1290,-0.744202
1291,-0.796478
1292,0.074280
1293,-0.256226
1294,0.099518
1295,-0.023560
1296,0.373322
1297,-0.308167
1298,0.401306
1299,0.123627
1300,-0.080292
1301,-0.789459
1302,-0.897400
1303,-0.351410
1304,0.759399
1305,-0.351624
1306,0.129211
1307,0.717102
1308,-0.335022
1309,-0.296387
1310,-0.340790
1311,-0.193939
1312,0.923584
1313,-0.002075
1314,0.074890
1315,0.691589
1316,-0.085663
1317,-0.699890
1318,0.431305
1319,0.503235
1320,0.010864
1321,0.103363
1322,-0.142456
1323,-0.347107
1324,0.120850
1325,-0.633392
1326,-0.422211
1327,0.191101
1328,-0.369232
1329,-0.181824
1330,-0.622864
1331,-0.686646
1332,-0.059296
1333,0.414063
1334,-0.170654
1335,-0.252197
1336,-0.180237
1337,0.278839
1338,-0.118713
1339,0.025269
1340,-0.144592
1341,-0.156036
1342,0.064117
1343,-0.292419
1344,-0.232086
1345,-0.597321
1346,-0.575012
1347,-0.220062
1348,0.039764
1349,-0.060852
1350,-0.204803
1351,0.243195
1352,-0.114075
1353,-0.183380
1354,-0.267120
1355,-0.295868
1356,-0.234314
1357,-0.188324
1358,0.180878
1359,0.152130
1360,-0.388214
1361,0.443665
1362,-0.189606
1363,0.126129
1364,0.155334
1365,-0.168518
1366,-0.332855
1367,0.427032
1368,-0.277863
1369,0.157623
1370,0.057343
1371,0.107330
1372,-0.062836
1373,0.044983
1374,0.074280
1375,0.283844
1376,0.138733
1377,-0.242523
1378,-0.333923
1379,-0.216797
1380,0.345490
1381,0.163483
1382,0.433319
1383,-0.057648
1384,0.522003
1385,0.054962
1386,-0.309204
1387,-0.325806
1388,-0.094025
1389,0.210266
1390,0.077606
1391,-0.149628
1392,0.237000
1393,-0.332153
1394,0.316956
1395,0.143585
1396,-0.368317
1397,0.347504
1398,-0.283966
1399,0.094910
1400,-0.144531
1401,-0.266602
1402,0.127991
1403,-0.180603
1404,0.697662
1405,-0.021423
1406,-0.231079
1407,-0.478973
1408,-0.123657
1409,0.315979
1410,0.297455
1411,0.412537
1412,0.425781
1413,0.223572
1414,0.289581
1415,0.409485
1416,0.160095
1417,0.287201
1418,0.135101
1419,-0.000580
1420,0.674316
1421,0.943634
1422,0.210358
1423,-0.025330
1424,0.129944
1425,-0.770325
1426,-0.273865
1427,-0.430389
1428,-0.271637
1429,-0.326233
1430,0.289368
1431,-0.566925
1432,-0.182037
1433,-0.340851
1434,-0.024658
1435,0.633392
1436,0.234772
1437,-0.043365
1438,-0.305786
1439,-0.630280
1440,-0.380859
1441,0.353821
1442,0.359497
1443,0.322052
1444,0.015839
1445,-0.536835
1446,-0.081238
1447,-0.542755
1448,0.215790
1449,-0.068054
1450,-0.306305
1451,-0.973389
1452,-0.285675
1453,-0.156464
1454,-0.793701
1455,-0.171509
1456,-0.551178
1457,-0.491791
1458,-0.122314
1459,-0.212921
1460,-0.637085
1461,-0.359192
1462,-0.226593
1463,0.040283
1464,-0.684143
1465,-0.485809
1466,0.297699
1467,0.075653
1468,-0.158173
1469,-0.070648
1470,0.037323
1471,-0.019653
1472,-0.044250
1473,-0.072174
1474,-0.145996
1475,-0.426392
1476,-0.428772
1477,0.032135
1478,0.101196
1479,-0.058319
1480,0.276703
1481,-0.022339
1482,0.223022
1483,0.310059
1484,-0.105103
1485,0.092957
1486,0.291077
1487,0.431122
1488,-0.011200
1489,0.015472
1490,-0.066559
1491,0.369690
1492,0.425873
1493,0.189453
1494,0.107574
1495,0.061707
1496,0.099823
1497,0.195709
1498,-0.207092
1499,0.156433
1500,0.674408
1501,0.448120
1502,0.080383
1503,-0.077301
1504,-0.282074
1505,-0.050201
1506,-0.149231
1507,0.013031
1508,-0.139923
1509,-0.229309
1510,0.266815
1511,-0.076172
1512,-0.390991
1513,0.005554
1514,-0.154785
1515,0.545715
1516,0.114990
1517,0.115662
1518,-0.117615
1519,0.366669
1520,0.253906
1521,0.050476
1522,0.267242
1523,-0.443817
1524,-0.311798
1525,-0.212830
1526,-0.394287
1527,0.431152
1528,-0.305664
1529,-0.304230
1530,0.069702
1531,0.074829
1532,0.761017
1533,-0.440643
1534,-0.031311
1535,0.267853
1536,-0.205688
1537,-0.059906
1538,-0.053070
1539,0.275238
1540,0.033752
1541,-0.161011
1542,-0.001862
1543,0.024658
1544,0.216370
1545,0.283752
1546,-0.056641
1547,-0.540863
1548,0.283844
1549,0.037598
1550,-0.051544
1551,0.058075
1552,-0.631714
1553,0.249908
1554,-0.029266
1555,-0.082275
1556,-0.192993
1557,0.003448
1558,0.022858
1559,-0.315521
1560,0.001770
1561,0.361084
1562,-0.131775
1563,0.184021
1564,0.236694
1565,0.218750
1566,-0.068512
1567,0.083160
1568,0.365173
1569,0.296082
1570,-0.416595
1571,-0.330231
1572,0.473419
1573,0.007751
1574,-0.180664
1575,-0.378357
1576,-0.045471
1577,-0.144897
1578,0.000885
1579,-0.027740
1580,0.346771
1581,0.257996
1582,0.224213
1583,0.570862
1584,0.382294
1585,-0.153412
1586,0.208282
1587,-0.452942
1588,0.447754
1589,0.355957
1590,0.014618
1591,-0.065399
1592,0.553284
1593,-0.162445
1594,0.303436
1595,0.263214
1596,0.019958
1597,0.393219
1598,-0.207764
1599,-0.562592
1600,-0.010651
1601,-0.018768
1602,0.370483
1603,0.128082
1604,0.169922
1605,0.431366
1606,0.045441
1607,0.231873
1608,-0.191772
1609,0.033539
1610,0.983551
1611,0.226990
1612,-0.082367
1613,0.324402
1614,-0.035156
1615,0.405060
1616,0.600006
1617,0.234650
1618,0.162292
1619,0.415466
1620,-0.087433
1621,0.501251
1622,0.109924
1623,0.045685
1624,0.216827
1625,0.353943
1626,0.302277
1627,0.223602
1628,0.258881
1629,0.376404
1630,0.320862
1631,-0.325470
1632,-0.360199
1633,0.287537
1634,0.339630
1635,0.398407
1636,-0.469574
1637,-0.286957
1638,-0.337189
1639,-0.207306
1640,-0.991241
1641,-0.207001
1642,0.289917
1643,0.235138
1644,0.117401
1645,0.459137
1646,0.095825
1647,0.282806
1648,0.045807
1649,0.115967
1650,-0.087708
1651,-0.012207
1652,0.005127
1653,0.417969
1654,-0.009491
1655,0.181305
1656,-0.363220
1657,-0.094055
1658,0.403656
1659,0.038757
1660,-0.038208
1661,-0.543121
1662,0.153809
1663,-0.152466
1664,0.015656
1665,0.041992
1666,-0.214844
1667,0.054596
1668,0.149536
1669,-0.249664
1670,0.005310
1671,-0.640656
1672,-0.435852
1673,-0.479736
1674,-0.221283
1675,-0.645081
1676,0.385071
1677,0.278687
1678,0.004333
1679,-0.165741
1680,-0.045380
1681,0.179749
1682,0.273224
1683,0.274475
1684,-0.008484
1685,-0.286987
1686,-0.052856
1687,0.316742
1688,-0.424774
1689,-0.126038
1690,-0.212891
1691,-0.189178
1692,-0.730896
1693,0.186188
1694,-0.368347
1695,0.093170
1696,-0.131134
1697,-0.308868
1698,0.080841
1699,-0.814941
1700,-0.540710
1701,0.418152
1702,-0.380005
1703,-0.440643
1704,-0.098694
1705,-0.586548
1706,-0.499512
1707,0.045471
1708,-0.648529
1709,-0.354095
1710,-0.323944
1711,0.282196
1712,-0.945343
1713,0.076172
1714,-0.614197
1715,-0.373169
1716,0.034973
1717,-0.304596
1718,0.156586
1719,0.131958
1720,-0.679352
1721,-0.176605
1722,-0.279419
1723,-0.606171
1724,0.390289
1725,-0.463135
1726,-0.264801
1727,0.635345
1728,0.052124
1729,-0.382263
1730,-0.127808
1731,-0.724518
1732,0.588074
1733,0.034943
1734,0.370575
1735,-0.359863
1736,-0.232239
1737,-0.948303
1738,-0.213654
1739,-0.462494
1740,-0.389252
1741,0.028961
1742,0.582825
1743,-0.078949
1744,-0.396973
1745,-0.416229
1746,-0.781433
1747,-0.140900
1748,-0.613922
1749,0.251984
1750,0.199432
1751,-0.201385
1752,-0.406738
1753,-0.288757
1754,-0.433014
1755,-0.263275
1756,-0.026550
1757,0.026733
1758,0.414978
1759,-0.142944
1760,-0.073395
1761,-0.417145
1762,-0.090057
1763,0.140625
1764,-0.532043
1765,-0.165863
1766,-0.484344
1767,-0.030243
1768,-0.248077
1769,-0.591888
1770,-0.186768
1771,-0.021576
1772,-0.246216
1773,-0.582794
1774,-0.529022
1775,-0.074066
1776,-0.034180
1777,-0.700653
1778,-0.209137
1779,-0.414459
1780,0.114624
1781,-0.147369
1782,-0.259460
1783,0.457947
1784,-0.068268
1785,-0.201691
1786,-0.346039
1787,-0.142639
1788,-0.367889
1789,0.008911
1790,-0.274292
1791,-0.439697
1792,-0.114471
1793,-0.237091
1794,-0.466553
1795,0.373627
1796,-0.594940
1797,0.299927
1798,0.362061
1799,-0.540009
1800,-0.103455
1801,-0.187256
1802,0.309326
1803,-0.038269
1804,-0.181091
1805,-0.042603
1806,0.471497
1807,0.074982
1808,0.497833
1809,0.684387
1810,0.065948
1811,0.462311
1812,0.176025
1813,0.289917
1814,0.385895
1815,0.208466
1816,0.061798
1817,-0.628540
1818,-0.006134
1819,0.470856
1820,0.963043
1821,0.728821
1822,0.591492
1823,0.577576
1824,-0.035034
1825,0.858032
1826,0.806610
1827,0.290375
1828,0.261383
1829,0.110657
1830,0.247925
1831,0.954895
1832,0.636627
1833,0.261841
1834,0.280518
1835,0.176117
1836,0.577026
1837,0.056183
1838,0.050537
1839,0.660858
1840,0.024139
1841,0.366852
1842,-0.001007
1843,0.275543
1844,-0.261566
1845,0.308044
1846,0.009338
1847,-0.161224
1848,-0.203064
1849,-0.347534
1850,-0.234070
1851,-0.440887
1852,-0.335083
1853,-0.111328
1854,0.310242
1855,0.175354
1856,0.098816
1857,-0.460449
1858,-0.659485
1859,-0.008087
1860,0.473999
1861,0.265381
1862,-0.124756
1863,-0.324768
1864,-0.231140
1865,-0.167755
1866,0.065155
1867,0.056396
1868,-0.299561
1869,-0.101349
1870,0.011078
1871,-0.184418
1872,0.220062
1873,-0.023285
1874,-0.187988
1875,0.396820
1876,0.965454
1877,0.538879
1878,0.668945
1879,0.612213
1880,0.442657
1881,0.236237
1882,0.328583
1883,0.184082
1884,0.098328
1885,0.212097
1886,0.017120
1887,0.247467
1888,0.025726
1889,0.165771
1890,-0.135071
1891,0.294312
1892,0.180450
1893,0.632965
1894,0.533905
1895,0.410614
1896,0.626312
1897,0.521545
1898,0.457184
1899,0.120483
1900,-0.316193
1901,-0.267181
1902,-0.271973
1903,-0.143463
1904,0.115051
1905,0.116547
1906,0.330505
1907,0.655487
1908,0.587708
1909,0.263885
1910,0.390869
1911,0.471130
1912,0.283569
1913,0.058685
1914,0.239502
1915,0.087616
1916,-0.110474
1917,-0.153595
1918,0.429871
1919,0.140198
1920,0.118896
1921,0.038086
1922,0.476624
1923,0.477203
1924,0.665436
1925,0.355988
1926,0.036713
1927,0.063416
1928,0.010040
1929,-0.100159
1930,0.094818
1931,-0.412903
1932,-0.515167
1933,-0.497192
1934,-0.808472
1935,-0.988281
1936,-0.195892
1937,-0.226837
1938,-0.291809
1939,-0.269684
1940,-0.079041
1941,-0.196838
1942,-0.421661
1943,-0.141785
1944,-0.677948
1945,-0.488953
1946,0.330933
1947,0.175110
1948,0.402649
1949,-0.418213
1950,-0.227661
1951,-0.452209
1952,-0.969208
1953,-0.964417
1954,-0.717590
1955,0.520050
1956,-0.468842
1957,-0.052124
1958,-0.810669
1959,-0.309296
1960,-0.114319
1961,-0.140961
1962,-0.379700
1963,0.335266
1964,0.052948
1965,-0.544189
1966,0.205383
1967,0.045776
1968,-0.037994
1969,-0.297791
1970,0.368195
1971,0.199066
1972,-0.090271
1973,-0.134888
1974,-0.198822
1975,0.243134
1976,0.087402
1977,0.097931
1978,-0.199646
1979,0.136963
1980,-0.009583
1981,-0.201172
1982,-0.065582
1983,-0.394135
1984,-0.163116
1985,0.291687
1986,-0.435486
1987,0.059204
1988,-0.095947
1989,-0.494507
1990,-0.396057
1991,-0.405731
1992,-0.236603
1993,0.558563
1994,-0.181091
1995,-0.414276
1996,0.691833
1997,-0.104095
1998,-0.449677
1999,0.283295
2000,-0.150116
2001,-0.180969
2002,0.103333
2003,0.457550
2004,0.208069
2005,-0.066498
2006,-0.146027
2007,-0.469910
2008,-0.404053
2009,-0.499542
2010,-0.094788
2011,-0.112030
2012,0.058899
2013,0.203278
2014,0.208344
2015,-0.402985
2016,0.180634
2017,-0.322540
2018,-0.213165
2019,-0.226227
2020,0.426453
2021,0.229858
2022,-0.385010
2023,0.146912
2024,0.184174
2025,0.067535
2026,-0.215210
2027,-0.419952
2028,-0.298004
2029,-0.408844
2030,-0.301819
2031,-0.248810
2032,0.048126
2033,-0.115417
2034,-0.544464
2035,0.187775
2036,-0.073669
2037,0.141266
2038,-0.143127
2039,-0.328430
2040,-0.084381
2041,0.029907
2042,-0.220062
2043,0.526337
2044,0.103790
2045,-0.393219
2046,0.074524
2047,-0.141693
2048,-0.070770
2049,0.343323
2050,0.049866
2051,0.163879
2052,0.372467
2053,-0.310791
2054,-0.050262
2055,-0.139984
2056,-0.389130
2057,0.344208
2058,-0.031006
2059,0.204224
2060,-0.021484
2061,0.104675
2062,0.384888
2063,0.202698
2064,0.512024
2065,0.132782
2066,0.535065
2067,0.432343
2068,0.248138
2069,-0.248230
2070,0.157257
2071,0.092163
2072,-0.621918
2073,-0.393646
2074,0.129272
2075,-0.020569
2076,-0.134369
2077,-0.135315
2078,-0.192261
2079,-0.392212
2080,-0.589630
2081,-0.484680
2082,-0.859406
2083,-0.755219
2084,-0.568298
2085,-0.800079
2086,-0.675110
2087,-0.511139
2088,-0.336273
2089,-0.331970
2090,-0.491211
2091,-0.542694
2092,-0.449066
2093,-0.457947
2094,-0.346832
2095,-0.333923
2096,-0.136719
2097,-0.188019
2098,-0.089111
2099,-0.060028
2100,0.023010
2101,0.003418
2102,0.056519
2103,0.080505
2104,0.118866
2105,0.097198
2106,0.079498
2107,0.089081
2108,0.119781
2109,0.152252
2110,0.165680
2111,0.179749
2112,0.193634
2113,0.203308
2114,0.214447
2115,0.236603
2116,0.241333
2117,0.256836
2118,0.262390
2119,0.273285
2120,0.284851
2121,0.289093
2122,0.299988
2123,0.303070
2124,0.309570
2125,0.310730
2126,0.313995
2127,0.316833
2128,0.318573
2129,0.319092
2130,0.318176
2131,0.319946
2132,0.319000
2133,0.320862
2134,0.316223
2135,0.355865
2136,0.384674
2137,0.691742
2138,0.666779
2139,0.665131
2140,0.721375
2141,0.605286
2142,0.678253
2143,0.709625
2144,0.791046
2145,0.871368
2146,0.882935
2147,0.934479
2148,0.792572
2149,0.791107
2150,0.972687
2151,0.885101
2152,0.886505
2153,0.735260
2154,0.614197
2155,0.820953
2156,0.941101
2157,0.846710
2158,0.751221
2159,0.282501
2160,0.717255
2161,0.734467
2162,0.583038
2163,0.029755
2164,-0.169952
2165,0.478973
2166,0.162781
2167,-0.144012
2168,0.032318
2169,0.399475
2170,0.355591
2171,0.242920
2172,-0.199188
2173,-0.146118
2174,-0.175354
2175,0.028900
2176,-0.167908
2177,-0.445801
2178,0.112366
2179,-0.165497
2180,0.148285
2181,-0.349396
2182,-0.190552
2183,-0.335938
2184,-0.645935
2185,0.005768
2186,-0.506012
2187,-0.466827
2188,-0.454163
2189,-0.301270
2190,-0.503693
2191,-0.444916
2192,-0.498138
2193,-0.567902
2194,-0.532349
2195,-0.798035
2196,-0.414337
2197,-0.632355
2198,-0.502350
2199,-0.256439
2200,-0.392365
2201,-0.569092
2202,-0.510193
2203,-0.225433
2204,-0.360382
2205,-0.128296
2206,-0.209991
2207,-0.383759
2208,-0.160614
2209,0.202026
2210,-0.112793
2211,-0.137421
2212,-0.191833
2213,-0.355255
2214,-0.226135
2215,-0.459808
2216,-0.130829
2217,-0.197662
2218,-0.040161
2219,-0.084381
2220,-0.370300
2221,-0.424164
2222,-0.478577
2223,-0.068970
2224,0.079224
2225,-0.255157
2226,0.138733
2227,0.108154
2228,-0.433563
2229,-0.520020
2230,-0.063080
2231,0.187439
2232,-0.188751
2233,-0.359955
2234,0.039124
2235,0.286102
2236,0.231598
2237,-0.116669
2238,0.202026
2239,-0.199432
2240,-0.096649
2241,-0.315399
2242,0.376740
2243,0.005707
2244,0.081451
2245,-0.115479
2246,0.281830
2247,-0.141907
2248,-0.085236
2249,0.058075
2250,0.000031
2251,-0.094543
2252,-0.314087
2253,-0.388153
2254,0.107269
2255,0.058472
2256,0.003571
2257,0.148804
2258,0.321899
2259,0.075653
2260,0.563812
2261,0.663422
2262,0.347412
2263,0.290741
2264,0.329926
2265,0.115326
2266,-0.210846
2267,-0.085785
2268,-0.420746
2269,0.067383
2270,-0.069977
2271,0.007599
2272,-0.009766
2273,-0.001343
2274,0.051605
2275,0.163422
2276,0.484131
2277,-0.327332
2278,-0.191803
2279,-0.632813
2280,0.223816
2281,0.381561
2282,-0.060394
2283,-0.065948
2284,0.133118
2285,-0.080597
2286,-0.044220
2287,-0.173920
2288,-0.165436
2289,-0.235901
2290,-0.050018
2291,-0.365906
2292,-0.084320
2293,-0.221649
2294,0.037872
2295,-0.334076
2296,-0.121582
2297,-0.053375
2298,-0.156830
2299,0.117310
2300,-0.000031
2301,-0.364227
2302,-0.492004
2303,-0.186157
2304,0.032684
2305,-0.235168
2306,-0.146667
2307,-0.273712
2308,-0.033417
2309,0.038269
2310,0.009491
2311,-0.262451
2312,-0.392426
2313,-0.236511
2314,-0.224426
2315,-0.042786
2316,-0.042572
2317,-0.555389
2318,-0.389954
2319,-0.395111
2320,-0.391205
2321,-0.190063
2322,-0.546356
2323,-0.347015
2324,-0.072296
2325,-0.206238
2326,0.098053
2327,-0.511017
2328,0.001282
2329,0.025085
2330,0.233154
2331,-0.317017
2332,-0.088409
2333,0.022736
2334,-0.281555
2335,-0.051056
2336,-0.317657
2337,-0.338257
2338,-0.182220
2339,0.039795
2340,0.088409
2341,-0.151001
2342,-0.126770
2343,-0.225433
2344,-0.078064
2345,-0.100525
2346,-0.131134
2347,-0.093781
2348,-0.118103
2349,0.157440
2350,-0.010254
2351,-0.091919
2352,-0.082367
2353,-0.071503
2354,0.005127
2355,0.023560
2356,0.005432
2357,-0.013733
2358,0.069458
2359,0.008942
2360,0.113007
2361,0.187042
2362,0.182648
2363,0.205048
2364,0.139740
2365,0.132385
2366,0.160370
2367,0.130646
2368,0.111023
2369,0.107727
2370,0.125732
2371,0.180023
2372,0.202789
2373,0.216461
2374,0.269104
2375,0.405792
2376,0.502777
2377,0.671387
2378,0.674774
2379,0.772217
2380,0.486786
2381,0.716919
2382,0.805939
2383,0.721558
2384,0.530457
2385,0.697937
2386,0.939728
2387,0.771271
2388,0.714600
2389,0.630066
2390,0.464478
2391,0.305176
2392,0.603149
2393,0.634491
2394,0.317932
2395,0.086273
2396,0.126160
2397,0.139343
2398,-0.125519
2399,0.305847
2400,-0.522583
2401,-0.053314
2402,0.282074
2403,-0.121918
2404,0.246521
2405,0.366516
2406,0.025330
2407,0.206512
2408,-0.265320
2409,-0.361053
2410,-0.187683
2411,-0.206512
2412,-0.251770
2413,-0.251648
2414,-0.192474
2415,-0.212921
2416,-0.060211
2417,-0.527252
2418,0.121643
2419,-0.046997
2420,-0.032471
2421,0.085236
2422,-0.507050
2423,-0.487183
2424,-0.393890
2425,-0.612885
2426,-0.432098
2427,-0.656555
2428,0.267395
2429,-0.356323
2430,-0.110504
2431,-0.152924
2432,-0.759216
2433,-0.279175
2434,-0.067780
2435,0.133057
2436,-0.906067
2437,-0.518738
2438,-0.189362
2439,-0.816101
2440,-0.356964
2441,-0.152863
2442,-0.101715
2443,-0.583649
2444,-0.034210
2445,-0.286682
2446,-0.447906
2447,-0.183807
2448,-0.412354
2449,-0.309967
2450,0.112823
2451,0.092957
2452,-0.059998
2453,0.041962
2454,-0.063416
2455,0.036469
2456,-0.110870
2457,-0.321533
2458,-0.204346
2459,-0.596130
2460,-0.110474
2461,-0.172974
2462,0.016632
2463,-0.008728
2464,-0.205048
2465,-0.052643
2466,0.026489
2467,0.199280
2468,-0.121216
2469,-0.163849
2470,-0.018890
2471,-0.165924
2472,-0.045776
2473,-0.009430
2474,0.129425
2475,-0.122925
2476,0.246826
2477,0.054657
2478,-0.081177
2479,-0.207336
2480,-0.195313
2481,0.072296
2482,-0.058838
2483,-0.173492
2484,-0.084747
2485,-0.039276
2486,-0.048401
2487,-0.045624
2488,-0.045319
2489,-0.042542
2490,-0.034088
2491,-0.041504
2492,-0.034821
2493,-0.035278
2494,-0.035156
2495,-0.034821
2496,-0.039337
2497,-0.043091
2498,-0.041199
2499,-0.041290
2500,-0.039337
2501,-0.035187
2502,-0.042145
2503,-0.029999
2504,-0.036102
2505,-0.030670
2506,-0.030731
2507,-0.039612
2508,-0.030396
2509,-0.020905
2510,-0.028717
2511,-0.027771
2512,-0.025940
2513,-0.030243
2514,-0.031616
2515,-0.026031
2516,-0.028473
2517,-0.024445
2518,-0.025940
2519,-0.029541
2520,-0.030182
2521,-0.037506
2522,-0.045898
2523,-0.043396
2524,0.012329
2525,-0.048340
2526,-0.025543
2527,-0.014130
2528,0.040222
2529,0.005005
2530,-0.123291
2531,0.026978
2532,-0.073822
2533,0.049286
2534,0.132416
2535,0.306030
2536,0.399567
2537,0.208130
2538,0.116241
2539,0.515594
2540,0.342773
2541,0.259216
2542,0.149567
2543,0.233978
2544,0.323273
2545,-0.049591
2546,-0.145416
2547,0.449432
2548,0.055634
2549,-0.276337
2550,-0.142731
2551,0.113281
2552,0.146484
2553,0.550140
2554,-0.231445
2555,0.048584
2556,0.254364
2557,-0.088470
2558,-0.245209
2559,-0.087616
2560,0.459045
2561,-0.271362
2562,0.113220
2563,-0.029968
2564,0.080322
2565,-0.081421
2566,-0.057251
2567,-0.051331
2568,0.246979
2569,0.067169
2570,0.008301
2571,-0.468048
2572,-0.095032
2573,0.078003
2574,0.004517
2575,0.017151
2576,0.102509
2577,-0.158844
2578,0.183899
2579,0.091705
2580,-0.235809
2581,-0.223083
2582,0.134918
2583,0.034210
2584,-0.123566
2585,0.008636
2586,0.227295
2587,0.152893
2588,-0.109528
2589,-0.288849
2590,0.212585
2591,0.297852
2592,-0.149933
2593,0.185272
2594,-0.052765
2595,-0.032471
2596,0.252655
2597,-0.239014
2598,-0.240387
2599,-0.306488
2600,-0.162842
2601,-0.173615
2602,-0.442902
2603,0.106628
2604,0.155823
2605,0.035431
2606,0.051086
2607,0.282227
2608,-0.295807
2609,-0.067078
2610,-0.000977
2611,-0.094513
2612,0.277802
2613,-0.092560
2614,-0.086273
2615,-0.203979
2616,-0.040497
2617,0.280121
2618,-0.141296
2619,-0.181396
2620,0.222382
2621,0.321991
2622,-0.537994
2623,-0.147278
2624,-0.126465
2625,0.319519
2626,-0.072388
2627,-0.339661
2628,-0.402496
2629,-0.049530
2630,-0.001740
2631,0.074463
2632,0.280121
2633,-0.244843
2634,0.049866
2635,0.108032
2636,-0.128448
2637,0.190857
2638,0.512634
2639,0.196503
2640,0.300537
2641,-0.118591
2642,0.042511
2643,-0.207092
2644,0.205170
2645,0.096161
2646,-0.047180
2647,0.016174
2648,0.291504
2649,0.408508
2650,-0.713959
2651,-0.348511
2652,-0.105499
2653,0.567627
2654,0.173462
2655,0.196381
2656,-0.552216
2657,-0.063324
2658,-0.219666
2659,0.379517
2660,0.134796
2661,0.495178
2662,-0.630585
2663,0.291168
2664,0.446594
2665,0.588409
2666,-0.060699
2667,-0.001343
2668,0.144409
2669,-0.301270
2670,0.577637
2671,-0.145477
2672,0.021362
2673,0.214844
2674,-0.054657
2675,0.314148
2676,-0.201050
2677,0.372314
2678,-0.099609
2679,0.127106
2680,0.113708
2681,0.170563
2682,-0.024384
2683,0.105774
2684,0.094147
2685,0.152283
2686,0.319641
2687,0.192261
2688,-0.105316
2689,0.053192
2690,0.076172
2691,0.616455
2692,0.207977
2693,0.157440
2694,0.039703
2695,0.447418
2696,0.260803
2697,-0.085083
2698,-0.037201
2699,0.151184
2700,0.296173
2701,0.433868
2702,-0.269165
2703,0.275055
2704,-0.233398
2705,-0.043304
2706,-0.046051
2707,-0.301453
2708,-0.299530
2709,-0.269226
2710,0.263672
2711,-0.122711
2712,-0.484558
2713,-0.256592
2714,0.136688
2715,-0.181824
2716,-0.334595
2717,-0.355194
2718,0.020935
2719,-0.191772
2720,-0.183167
2721,-0.051239
2722,0.285400
2723,-0.277679
2724,-0.284210
2725,0.055054
2726,-0.517517
2727,-0.165558
2728,-0.176117
2729,0.040680
2730,-0.068909
2731,-0.094574
2732,-0.070068
2733,-0.426880
2734,-0.188538
2735,-0.119659
2736,-0.285675
2737,-0.005493
2738,-0.098053
2739,-0.072662
2740,-0.264069
2741,-0.250641
2742,-0.087708
2743,-0.001282
2744,-0.054474
2745,-0.477234
2746,-0.340118
2747,0.021698
2748,-0.014038
2749,-0.102478
2750,-0.074097
2751,-0.046997
2752,0.220306
2753,0.077637
2754,-0.023590
2755,-0.066406
2756,0.022095
2757,0.148438
2758,-0.039246
2759,0.069092
2760,-0.029419
2761,-0.081696
2762,0.226990
2763,-0.276093
2764,-0.100586
2765,-0.062317
2766,0.138763
2767,-0.149445
2768,-0.035187
2769,-0.028107
2770,-0.145172
2771,0.151093
2772,-0.024139
2773,0.052582
2774,-0.041931
2775,-0.045227
2776,-0.005676
2777,0.015778
2778,0.106018
2779,-0.055084
2780,-0.037750
2781,-0.060059
2782,-0.195404
2783,-0.071350
2784,-0.017548
2785,-0.023346
2786,0.088470
2787,0.077789
2788,0.089081
2789,-0.132507
2790,0.081329
2791,0.037720
2792,-0.116150
2793,0.149658
2794,0.039276
2795,0.052795
2796,0.117035
2797,0.159393
2798,0.164215
2799,-0.009552
2800,-0.035431
2801,-0.033752
2802,-0.058838
2803,0.018524
2804,-0.045868
2805,0.100647
2806,0.091003
2807,0.039368
2808,0.126343
2809,0.164215
2810,0.171112
2811,0.075134
2812,-0.023315
2813,0.089966
2814,-0.030884
2815,0.008148
2816,-0.030670
2817,0.065643
2818,0.076416
2819,0.069214
2820,-0.071167
2821,-0.077087
2822,0.084656
2823,0.148743
2824,0.129486
2825,0.021271
2826,0.025970
2827,0.156067
2828,0.175537
2829,-0.062500
2830,-0.053375
2831,0.042786
2832,0.044830
2833,0.011230
2834,-0.004303
2835,0.015076
2836,0.032623
2837,-0.035522
2838,0.045227
2839,0.051056
2840,0.017944
2841,0.164124
2842,-0.004730
2843,0.185394
2844,0.140106
2845,0.110474
2846,0.117767
2847,0.051544
2848,0.001129
2849,-0.009277
2850,0.154999
2851,0.070862
2852,0.114471
2853,0.071533
2854,0.082397
2855,0.070587
2856,-0.071106
2857,0.029053
2858,-0.018921
2859,0.093567
2860,0.093079
2861,0.091125
2862,0.048523
2863,0.011475
2864,0.121124
2865,0.134277
2866,0.171692
2867,0.142914
2868,0.364655
2869,0.382202
2870,0.178436
2871,0.193512
2872,0.012085
2873,0.013092
2874,0.037781
2875,0.000336
2876,0.004150
2877,0.158173
2878,0.144470
2879,-0.013336
2880,-0.039001
2881,0.176666
2882,0.144379
2883,0.007416
2884,0.069214
2885,-0.075439
2886,-0.009186
2887,0.040558
2888,0.003998
2889,-0.011444
2890,0.119446
2891,0.211151
2892,0.143402
2893,0.002228
2894,-0.135254
2895,-0.112183
2896,-0.098389
2897,0.083099
2898,0.059845
2899,-0.048187
2900,-0.123016
2901,-0.118256
2902,-0.075378
2903,-0.148651
2904,-0.046173
2905,0.154114
2906,0.117859
2907,0.147919
2908,-0.013397
2909,-0.015900
2910,0.025269
2911,0.162476
2912,0.116089
2913,-0.088837
2914,-0.015228
2915,0.122986
2916,0.020142
2917,0.126923
2918,0.071381
2919,-0.004425
2920,-0.056854
2921,-0.097168
2922,-0.046387
2923,0.113892
2924,-0.000916
2925,0.017242
2926,0.024506
2927,-0.069000
2928,-0.052795
2929,0.097015
2930,0.088013
